Username;Count
AutoModerator;2835
pewdsvstseries_bot;2805
furbot_;1448
CatoticNeutral;1193
Martianspirit;980
WikiTextBot;972
grungebot5000;946
TotesMessenger;943
sneakpeekbot;883
_Serene_;883
uber1337h4xx0r;857
yaddar;777
Ed_ButteredToast;759
9Ghillie;718
Antranik;708
Snail736;692
robertr4836;689
warp99;645
GermainZ;636
CapMSFC;588
Alarid;566
fatpat;562
TitleToImageBot;556
AerThreepwood;549
shellbullet17;545
Pwnst4rQQ;541
brickmack;541
TheGentileWookie;538
Lordofm3m3s;537
t-visADL;532
johnkphotos;513
captainpriapism;497
RemindMeBot;495
ComedicSans;491
cyberscythe;491
jPaolo;490
TheDarkman67;488
Inorai;486
HelperBot_;482
shallowm;479
Wertsir;474
CirqueDuFuder;473
gr8tfurme;472
grubas;468
rarelyfunny;467
lriccardo;459
sleeps_with_crazy;458
iamthatis;457
imguralbumbot;455
bartturner;453