followup,count
of,2709
a,4340
like,40795
about,2158
these,72
free,3079
the,7340
much,437
i,2454
bad,4818
very,834
virtually,2
it,3112
totally,62
so,3746
when,923
wrong,177
pretty,601
mildly,11
that,5832
something,392
tifu,1
frisky,10
from,183
normal,206
fine,160
drowsier,1
hand,3
dumb,258
comfortable,695
to,1256
cliche,3
adventurous,14
in,730
particularly,57
super,169
then,65
some,225
sick,233
this,2372
ready,76
genuine,36
you,2648
almost,103
passionate,13
confident,184
quite,115
more,1438
incredibly,103
cheat,72
know,82
especially,73
stupid,331
compel,164
than,57
utterly,21
amaze,209
really,953
scar,48
not,146
have,98
python,2
somewhat,84
crazy,39
good,2903
frustrate,49
would,68
overwhelmed,99
yourself,46
no,242
accomplish,72
awesome,79
theyve,1
lose,116
down,308
worthless,124
there,280
empower,33
your,974
now,150
mocked,4
thrown,2
ashamed,202
less,533
anymore,30
inside,54
come,50
both,61
slightly,126
well,4605
guilty,910
anyone,11
all,381
for,1205
even,481
lonely,194
unloved,18
tear,16
too,566
heavy,37
upon,4
stay,8
hurt,39
numb,102
fuck,101
be,1269
wonderful,21
afraid,24
empty,198
my,707
tire,173
me,70
pain,248
get,36
happy,396
safe,370
mentally,21
stuck,67
slow,39
anything,416
sad,598
life,27
left,119
again,59
anger,27
and,1162
sort,18
horrible,147
completely,197
tremendously,5
everything,92
sorry,907
kinda,196
up,77
on,216
similarthe,1
absolutely,94
ok,123
content,40
alive,120
trap,88
shame,90
exhaust,65
finally,2
way,158
100,42
great,643
proud,143
beyond,12
them,142
selfish,25
disconnect,16
liberate,9
recently,5
any,709
motivate,71
awful,180
relieve,34
kind,154
vulnerable,27
shitty,185
depressed,425
weird,474
right,659
perky,1
normalish,1
extremely,106
rather,32
helpless,56
calm,20
mad,18
but,465
alone,225
should,22
worth,35
suicidal,129
because,119
low,54
or,208
miserable,95
value,20
paralyze,14
20,7
weak,49
wake,3
dull,14
apathetic,10
thanks,39
responsible,48
lonelier,8
what,221
claustrophobic,10
lock,9
remorse,25
desperate,9
broken,19
myself,126
blank,3
closer,35
little,10
nothing,248
connect,60
betrayed,60
unbelievable,1
every,138
unjustified,1
pathetic,27
do,100
light,30
call,27
they,583
sometimes,86
old,482
unhappy,13
embarrass,135
homicidal,1
reject,7
superficial,3
just,308
at,353
where,62
brought,3
mostly,15
disappointed,29
dead,53
gross,58
become,1
will,62
blame,4
our,23
jealous,24
remotely,14
physically,57
love,151
his,199
ridiculously,6
out,138
smug,21
doc,1
shaky,6
malevolent,1
he,249
scramble,2
twice,6
thing,117
different,161
color,2
we,225
nauseate,6
special,161
him,38
under,25
their,132
frozen,5
brave,13
angry,59
itchy,5
dizzy,27
each,15
terrible,242
odd,29
mumumeesezicantalktostrangers,1
an,132
trip,63
silly,76
real,137
equip,1
okay,127
today,51
entirely,19
how,148
her,127
appreciate,30
lighter,24
spending,4
obligated,1
esther,1
disgust,46
one,63
uncomfortable,321
truly,33
‚Äù,59
borderline,3
fill,6
fuzzy,12
another,11
loved,5
im,24
desperately,3
electrify,1
cold,52
energetic,8
begin,2
away,9
if,435
stitch,1
everyone,33
nice,177
alright,37
however,40
around,44
extreme,14
also,50
selfconscious,13
anxious,77
can,25
ozark,1
bank,1
predictable,2
cheap,39
greg,2
breathless,3
hot,19
settle,4
working,1
like‚Äîlike,1
move,9
generous,22
flood,2
pressure,100
bless,33
morally,33
hungry,90
otherwise,27
etc,11
deeply,24
superior,276
impossible,32
whatever,19
suddenly,4
uneasy,59
string,1
obligate,138
imposter,2
awkward,142
unconfident,1
hopeful,25
intimidate,26
relief,17
charitable,7
unqualified,3
welcome,61
realistic,2
strongly,96
mislead,5
apple,12
short,10
invalidate,11
understood,8
dry,11
‚Äô,6
only,38
awe,4
during,35
oddly,19
longer,8
overlook,1
grossly,2
predatory,2
she,118
frighten,3
funny,41
first,9
paranoid,14
small,49
oblige,34
janelle,1
attach,12
sweaty,5
distinct,1
nervous,26
tense,8
bloat,18
sore,16
‚Äú,45
brittle,1
noticeably,5
honest,3
unlike,2
rob,3
inadequate,63
hyperaware,1
lucas,1
spontaneous,1
interested,8
far,42
disrespectful,7
bittersweet,3
foolish,15
fade,4
exceptional,1
overfamiliar,2
overwhelmingly,5
groggy,17
someone,42
who,13
shift,1
confuse,31
surprised,3
strangely,23
young,31
fogheaded,1
soft,4
disjoint,2
able,10
invest,10
upset,35
insecure,55
switch,5
after,166
stable,8
sluggish,33
look,23
competent,12
fairly,11
sleep,5
intense,13
educate,2
springy,1
fatigue,10
fantastic,29
full,100
lazy,64
result,3
adequate,7
largely,3
satiate,9
sleepy,32
tight,23
lethargic,15
rubbish,1
needless,1
strong,72
gamers,1
accept,1
complete,41
beat,4
qualify,23
threaten,110
ridiculous,16
uncertain,7
emotionally,31
ever,73
watching,4
starting,2
ya,394
inclined,41
u,38
antsy,2
unsatisfied,9
overall,8
wealthy,3
rich,16
are,4
bitcoin,5
lucky,123
semitechsavvy,1
yawwwwny,1
high,47
unsure,7
ponziesque,1
priveleged,1
actually,15
pride,20
silver,1
people,86
actively,2
cop,2
crypto,1
bout,3
combine,3
proposital,1
rough,7
seriously,5
personally,373
shit,59
burn,12
thrill,1
toxic,3
sure,9
attack,226
related,5
negatively,6
force,70
with,166
differently,89
ram,1
slight,12
awfully,7
naked,7
commit,2
off,90
internet,7
screen,1
inconsistent,4
blocky,1
damn,23
cooler,4
exactly,251
net,1
baffle,1
burnt,17
bought,3
poor,11
ootl,2
excite,27
validate,40
profound,4
ti,2
sceptical,1
mighty,5
tempt,9
clunky,14
smooth,3
defensive,9
satisfied,56
buggy,1
incomplete,17
boring,11
balance,6
repetitive,8
thank,34
unit,4
plastic,3
resistance,6
center,2
soo,7
controller,1
heavier,8
across,1
present,2
wow,4
warm,109
man,103
here,26
nostalgic,66
nostalgia,19
weirdly,14
similarly,50
paradoxically,1
stag,4
fun,11
soulless,2
average,3
lately,19
dirtysticky,1
laziness,1
artificially,2
make,46
violate,32
wary,2
premium,3
mile,7
anti,2
by,44
soooo,14
patriotic,7
customer,1
flat,14
better,25
harder,8
sympathy,27
unlucky,2
those,78
dirty,74
bro,58
maybe,35
inferior,58
annoyed,11
lame,13
familiar,23
p,5
partner,1
play,8
amazing,9
extra,52
whenever,24
use,17
accomplishment,8
over,48
luke,1
put,11
into,33
fair,4
tipsy,1
setup,1
natural,74
sloppy,6
abit,5
such,43
aesthetic,1
35,3
vibration,4
racing,1
idk,5
offend,76
lightweight,1
mouse,1
persecute,12
resentment,9
yet,12
stale,6
fulfillment,1
refresh,34
lol,23
janky,4
towards,50
non,2
50,4
price,1
egs,1
scandalize,1
whoever,4
which,48
1440p,1
strange,43
fluid,3
buttery,1
d,7
fps,1
19,1
before,44
nonunique,1
windows,4
underwhelming,4
smart,66
brand,10
dictate,1
realistically,1
outside,6
happen,3
automatic,3
tony,2
feel,26
let,25
compassion,14
privileged,6
10000x,1
everyday,18
ahk,1
try,17
cry,5
between,11
informal,1
anybody,1
dismal,1
hopeless,100
existentially,3
fear,38
anythiohmygod,2
pin,2
tingly,5
separate,7
perceive,3
does,9
subjectively,1
xd,3
hotter,6
entitle,114
socially,4
others,11
touch,9
false,2
say,7
knowing,4
anxiety,14
buzz,5
blissfully,2
work,21
clammy,3
smarter,28
distinctively,1
best,20
important,67
furry,1
though,67
badly,30
recognize,3
lightheaded,10
shameguiltself,1
rn,10
asleep,20
hungover,3
fresh,35
awake,10
x,4
guilt,61
water,4
heat,5
pure,6
amish,2
romantic,5
compliment,1
partly,3
sweatier,1
joy,59
anyway,13
nearly,16
pleasure,23
isn,5
ticklish,2
knee,1
rly,1
schizophrenic,4
unfulfilled,7
bound,4
relatable,4
patronize,8
decurved,1
accurate,4
financially,2
functional,6
resign,1
mean,7
bother,9
want,22
popular,4
isolated,31
trivial,2
judgement,1
fancy,24
stress,31
steal,2
warmer,17
90,5
marginalize,6
donna,1
glad,12
alien,12
self,38
as,18
many,19
hit,13
regret,17
meaningless,12
enjoyable,2
except,20
need,34
last,15
constantly,16
yea,1
froggy,5
meaningful,7
dirtier,4
powerless,43
tl,3
most,112
reach,1
rick,1
terribly,13
wierd,10
radioactivity,1
borax,1
deep,26
cowboy,1
pirate,1
glorious,1
sooooo,9
waste,7
thursday,1
fulfil,29
sundays,1
until,16
why,23
spoil,5
useless,73
necessary,10
ill,38
peaceful,11
uncontrollable,2
blue,14
surreal,10
side,4
think,16
enlightenment,3
unchanined,1
taste,2
part,23
got,9
sufficiently,6
op,34
picked,1
relevant,8
greatly,2
happiness,69
alienate,33
tremendous,5
human,41
rest,26
wideeyed,1
recoverd,1
productive,32
useful,27
bitter,19
risky,4
sophisticated,1
energy,4
worthwhile,13
stat,1
see,31
seamless,3
cool,21
prestigious,1
eat,2
unprepared,5
revolt,1
weary,3
grateful,29
sense,3
unoptimal,1
reinvigorate,2
spawnedagain,1
butthurt,6
hopelessly,2
wonky,5
honour,15
intellectually,4
safer,81
true,17
constant,5
unhealthy,5
social,6
leave,3
unreal,11
damage,2
function,2
glitch,1
nauseous,45
personal,6
lackluster,3
reward,18
replenish,1
hassle,1
already,6
emotion,78
selfworth,2
unfair,13
immense,11
cheers,2
long,7
hardcore,3
negative,11
ability,1
zone,1
was,3
experience,4
crush,5
level,2
secure,33
perceives,1
nettle,1
lone,1
art,2
africa,1
curious,1
similar,75
eternal,1
attribute,1
distant,9
feels,2
worn,3
laggy,5
trippy,2
judged,24
deafeningly,1
solid,13
guide,2
easy,26
texture,1
third,2
bum,12
pop,1
script,3
cynical,4
unsafe,55
overwhelm,21
lasts,2
often,9
victimize,7
pity,25
discourage,33
grindy,5
neutral,5
sidequests,1
pay,2
ironic,2
significant,5
lucky‚Ä†,1
dumber,19
hollow,26
since,29
quicker,1
faster,9
abort,1
yes,13
other,20
progress,4
banker,1
temporarily,7
shameful,9
poorly,4
cramped,8
debug,1
yah,3
rush,39
tedious,4
restless,2
p2w,2
living,4
watch,21
sp,5
appreciatedüôÇ,1
lie,21
target,20
curse,2
debase,6
comfort,21
save,4
weirded,2
am,7
abdomen,1
yesterday,3
2,10
f,1
powerful,33
empathy,59
cripple,7
unable,14
go,59
spider,1
indifferent,10
howard,1
brainwash,1
ripped,17
disincline,1
retard,16
oldand,1
recent,3
1,7
waaaaay,1
jacked,1
honor,35
geeze,1
ffffffffffg,1
dank,1
moan,1
defend,2
85,2
attacked,3
care,14
tension,5
gipped,2
lethal,1
accepted,16
peta,1
jesus,6
mate,9
fromt,1
1000,5
condescend,3
bore,36
awsome,1
devastate,7
somber,1
icky,15
oppressed,1
pursue,1
usually,13
encourage,7
ashamedburdened,1
described,1
years,3
still,15
hearing,4
did,8
robbed,21
maximum,1
hang,4
big,25
dishonest,4
disingenuous,4
whole,20
lost,2
üíï,1
tt,2
üò≠,2
üò¢,4
train,35
playful,4
sadder,2
genuinely,22
wholesome,15
brutal,1
once,23
energize,11
take,27
awh,1
handsome,3
ground,3
penis,1
cozy,12
clinically,3
overrate,1
emotional,19
ugh,3
gosh,2
üò•,1
diffuse,1
lot,8
girls,3
hidden,2
buddy,3
rlly,1
abot,1
disappoint,3
none,7
sound,1
include,27
wistful,2
opening,1
definitely,3
restrict,5
untrue,1
forgotten,8
button,2
support,12
mess,3
valuable,3
unlovable,1
alot,19
scrutinize,2
help,9
exact,1
unstable,4
inspire,42
themselves,8
edit,16
noah,2
unconditional,1
loneliness,6
depressive,2
platitudinous,1
dread,6
kindness,1
fb,1
relaxed,18
assure,2
confidence,2
lonliness,1
successful,14
shy,7
lonesome,1
fat,25
rubenesque,1
flatter,12
steve,3
maya,1
youve,1
weirdcheap,1
victimise,1
manipulate,4
afterwards,14
respectable,1
chris,1
events,1
meh,10
affirm,3
surpirior,1
movie,9
creepy,17
üò≠üò≠üò≠,3
ive,6
accountable,4
x200b,9
anxiousfearfulnervous,1
mistreat,3
respect,7
thankless,1
sexually,6
partially,3
3,19
without,32
unbelievably,4
while,46
harass,11
image,1
rise,3
invisible,24
smasher,1
warmly,1
coherent,1
fortunate,21
appropriate,5
perfectly,26
unoriginal,1
having,6
dishonorable,1
slighty,1
gooder,1
scare,1
enlighten,14
shittier,7
ehh,1
marginally,5
capable,11
impactful,3
dehumanize,2
difficult,6
csu,1
makes,4
lovey,1
purge,1
behind,21
deserve,7
giddy,11
unwell,11
compare,12
freak,5
heard,6
outta,2
indeed,4
insignificant,11
uncomfortablegulty,1
manly,8
burden,7
friend,6
chatty,1
ca,9
pointless,30
elon,4
instead,27
doubly,3
yucky,6
shorter,6
pigeonhole,3
slippery,3
invisble,1
ü•∞üíû,1
fake,43
un,3
donald,1
uncomfy,2
pleasant,4
disrespect,9
unique,11
hatred,4
along,9
worthlessness,1
irl,2
straight,4
expose,6
incapable,5
uhh,1
‚Äò,4
forcedawkward,1
decieved,1
sadness,31
insult,26
meds,3
mixed,4
anymorehelp,1
goodlook,1
talk,7
trapped,1
severely,3
robotic,2
110,2
introvert,1
extroverted,1
suicidally,1
attract,11
unskilled,1
plus,15
blah,4
single,5
been,2
reality,3
godlike,1
enthusiastic,2
247,1
happier,45
fuller,16
sorrow,8
exclude,14
addict,3
hope,18
back,37
routine,3
oily,4
w,3
misunderstood,5
enthusiast,1
4chan,2
attraction,9
v,5
umynamegreff,1
embarassed,5
paralyse,1
dude,14
blackness,1
directly,7
unmoored,1
lesser,5
conflict,26
positive,27
generic,3
zero,8
programmed,1
change,6
reassure,5
discipline,2
common,2
cloudy,2
improvement,1
could,24
significantly,9
told,1
numbhollow,1
reeeeeeal,1
healthy,20
dopamine,1
frictiony,1
besides,2
overwhelemed,1
close,26
subside,3
somehow,17
incredible,24
discomfort,5
cause,7
invalid,2
10,10
dismissive,2
quality,3
childish,3
tivialising,1
oh,17
depressedlonely,1
whereas,4
yeah,5
thought,7
seek,1
uncared,1
happynot,1
wash,5
abuse,2
mine,10
clearer,1
half,10
anyways,5
unbearable,8
briefly,1
below,2
75,1
10mg,1
insanely,7
brother,5
clearly,1
equal,2
heart,3
mor,1
98,1
simple,3
trigger,9
gloomy,4
condemn,2
neglect,6
whenwhen,4
etherealbeyond,1
reborn,3
specifically,1
hunger,8
day,9
jittery,1
secondhand,2
radiant,1
gnarly,1
ugly,14
lonelyafter,1
oppress,14
involve,8
sht,1
unethical,2
together,1
rabsolutelynotmeirl,1
horribly,7
imo,8
untouchable,1
honestly,11
punish,4
acutely,1
anywhere,7
rap,1
manwas,1
give,11
jipped,1
hat,3
attractive,8
unwinnable,1
depression,18
spread,2
wo,4
stop,7
serious,1
second,6
imagine,6
corny,2
thatway,2
defeat,19
always,8
alienateddifferent,1
unusual,3
undeserving,3
euphoric,10
personality,1
awkwardness,1
equally,12
sexy,22
stimulate,3
vindicate,25
comparatively,1
kinky,4
optimistic,21
sexual,12
cringy,4
chart,1
perpetually,5
72,1
never,15
woman,2
either,18
exüÖ±Ô∏èosed,1
forever,4
üíØ,1
üçÜüÖ±,3
üí¶,1
ü§í,2
might,7
night,1
nobody,3
run,5
temporary,3
grown,6
doesn,6
time,14
destine,2
lile,3
fruitless,1
gud,4
substantially,5
unto,1
later,5
parch,1
is,11
badman,2
same,11
moldy,1
infinite,3
romantically,1
resentful,6
justified,44
drain,25
indignant,1
utter,4
double,2
congratulations,2
piss,9
darn,2
gun,2
wave,3
stupider,3
gender,3
selfhatred,1
meanspirited,1
kill,2
add,7
guy,5
abandon,10
dreadful,1
weed,1
grief,1
limited,7
quilty,2
bottom,1
inadequacy,1
healthier,14
drastically,4
suicide,3
neat,2
dubya,1
intensely,4
brains,1
foreign,5
eye,5
stifle,3
beautifully,1
belittle,7
uncomfortably,3
herself,4
fry,1
pull,6
irrational,1
jim,1
redacted,1
satisfy,15
static,1
peace,6
blood,9
spot,1
‚Äì,2
amatuer,1
start,12
jfk,1
unnecessarily,3
metal,1
gulock,1
regretful,2
unfortunately,3
2010,1
control,4
sight,1
remains,3
exit,1
dam,1
death,10
consciousness,1
tingle,4
utopia,1
fitting,3
ungrateful,4
darker,5
fast,18
dramatic,3
within,9
minuscule,2
invincible,9
boxed,2
unhinged,1
quickly,3
wait,2
horror,1
sensation,4
muscle,4
lung,1
panicked,5
eternity,1
return,4
pulled,1
immeasurably,1
mara,1
feeling,14
loud,2
buoyed,1
affection,3
acceptance,2
astound,1
himself,8
happywarmglad,1
five,4
bratty,1
disdain,3
unightmarepasta,1
tyson,1
shortness,1
memory,1
humanlike,1
jonny,1
peoples,1
power,5
22,3
dulls,1
winter,1
phantom,4
grand,3
through,15
raw,6
rubbed,1
deject,5
homesick,10
driptooth,1
thirsty,8
consistent,2
shrug,1
dodger,1
warmth,12
hapy,1
farther,3
master,1
alert,2
wont,2
ultimately,2
read,3
unworthy,10
tell,5
üòÉ,1
shelter,2
sounds,3
intensifies,2
reason,1
creature,4
protective,5
impotent,3
pain‚Ä¶,1
replace,1
vindication,1
spoke,1
blossom,1
wet,7
üñê,1
üíØüçÜ,1
new,23
disregard,1
sand,2
uuurrggghhh,1
meaning,1
intensified,1
surge,1
5,2
trying,1
haha,4
loquacious,1
choppy,1
captain,2
strictly,2
wobbly,2
iirc,1
distinctly,3
amuse,4
fleeting,3
enough,21
excitement,4
stuffy,5
explodes,1
energise,2
overjoyed,1
bland,10
spare,1
grow,4
glee,1
bliss,2
unhappiness,1
slump,1
onto,1
stand,2
stayed,2
open,3
tears,2
exasperate,1
ebbed,1
box,2
kid,3
daze,1
sweat,3
imho,1
obvious,3
shot,2
perhaps,7
loom,1
againand,1
merciful,2
nature,4
form,1
strain,5
absurd,1
foggy,10
luz,1
electric,2
two,8
angle,1
cocky,5
apologetic,1
risha,1
mandatory,2
immerse,4
shaken,2
claustrphobic,1
local,2
standing,2
reasonable,2
disturb,2
above,2
dusty,1
seargent,1
that‚Ä¶,1
doctor,2
elate,3
thick,3
pierce,1
impressed,5
stoopid,2
ana,1
possible,9
exuberant,2
faint,13
lieutenant,1
abba,1
rustle,1
sharp,4
neither,4
lay,1
nbsp,1
xrays,1
embarrassment,3
active,3
crept,1
rock,3
dangerous,5
cleaner,6
impact,1
flourescent,1
drbenworth,1
impatient,1
wrinkle,1
worried,8
elijah,1
father,1
hank,1
weapon,2
unbalanced,5
farcical,1
calmer,8
wellrested,1
drawn,6
terrorize,2
various,1
michael,1
james,2
queasy,8
exalt,1
legitimately,6
envy,5
remind,3
comtak,1
lansing,1
defiant,1
stein,1
prepared,5
escape,1
raulit,1
breath,2
steel,1
maechras,1
poison,2
yours,4
weaker,6
kick,3
insane,14
bacteria,1
misplace,2
earn,4
date,11
dark,8
panick,1
story,2
drunk,8
hopelessadmittedly,1
sweet,1
outmatch,1
wide,1
circle,1
rushed,1
keep,20
pamper,4
smugly,5
panged,1
stabby,1
gravity,12
engulfed,1
wire,4
certain,15
fading,1
smoke,1
surprise,2
principal,1
instantaneous,2
overcame,2
sterile,2
comparable,2
handsone,1
momentarily,1
kratos,1
curiosity,1
overdone,2
break,2
conscious,3
random,6
madeline,1
asked,1
echo,1
gabe,1
perfect,9
horrific,1
throughout,8
worm,1
katy,1
broodingly,1
good‚Ä¶,1
foked,1
itself,3
guidance,1
engorge,1
bitch,2
lawful,1
srupid,1
made,2
comfy,8
mordecai,1
pissy,2
consume,1
sheena,1
unwelcome,27
recharge,2
reminiscent,2
hate,8
crusty,1
crowd,2
unworldly,1
manifest,1
kinsy,1
cheeky,6
jovial,1
remorseful,3
dragonmount,1
john,4
archaic,4
scold,1
arrive,1
25,2
detach,9
reacting,1
fifs,1
course,1
mr,1
sir,2
harrow,1
alarmed,2
heartpain,1
temperature,5
sing,1
arron,1
milkywayexe,1
mary,1
air,3
flush,3
bruise,3
doubt,2
taller,3
stronger,1
squishy,3
dammit,1
insurmountable,3
frank,1
knew,1
beautiful,13
childlike,1
finger,1
arose,1
bravo,2
drowsy,7
check,7
dissuade,2
prefectly,1
excellent,5
sooooooooo,1
weirder,2
must,6
horny,8
selfimportant,1
traumatize,3
fuuuuck,1
hillary,1
plug,1
greasy,5
obligatedjust,1
immediately,6
gutted,2
cleaning,1
played,1
altogether,3
horrifyingly,1
udandyman28,1
skeptical,3
grizzly,1
mind,1
stiff,6
bi,1
emasculate,5
white,1
protect,7
mature,4
creep,3
nuffin,1
filthy,3
objectify,2
uncomfrotable,2
copypasta,1
deja,1
üòÖüòÖ,1
correct,7
gyped,1
badum,1
reading,14
hahahah,1
smell,2
swim,2
sry,1
exclusive,1
indefensible,1
mustache,1
cringe,2
hateful,1
rotten,2
clear,3
stab,1
explode,1
moderately,1
concerned,2
beneath,2
cant,2
torn,6
relax,2
obviously,6
hella,3
jarring,3
weight,5
butterfly,2
whenif,1
vaguely,9
board,1
turn,7
obsolete,1
ramp,1
5x,1
justice,2
sadden,3
remove,2
justifiable,2
petty,4
rango,1
yay,1
actual,3
grate,2
set,5
jail,1
vastly,3
facebook,1
whale,1
routoftheloop,1
icked,1
player,1
base,7
harrassed,1
identify,3
malleable,1
trump,2
roughly,1
vilified,2
beholden,3
brazen,1
profit,1
guess,3
toward,8
kim,2
copy,2
research,1
coerce,4
slutty,1
minor,2
subservient,3
contact,1
throttle,1
lime,1
outrage,4
show,3
toyed,1
criminalize,1
demonize,1
hinder,3
arent,1
allot,3
rare,2
crummy,3
ghb,1
15th,1
spiiiiiiiders,1
please,6
righteous,2
rightfully,1
reduce,2
fully,10
superiror,1
assault,1
selfrighteous,3
among,2
fit,8
own,1
hypocritical,3
extort,1
infallible,1
obama,4
enthuse,1
bending,1
0,4
walk,5
rude,3
slap,2
troll,1
despair,4
supremely,1
vertigo,2
tilt,2
socialism,1
evil,9
god,11
hearten,2
perspective,2
sketchy,2
eel,1
deprive,9
exposure,1
wreck,2
hypocritic,1
society,4
ike,1
confirms,2
hem,1
sub400ngdl,1
shock,3
ostracize,5
ostracise,1
serial,1
statistically,1
expect,3
ching,1
applies,2
constrictive,2
represent,8
arouse,2
rage,7
exhaustion,3
teah,1
bleu,3
passively,3
gangsta,1
culturally,4
lmao,2
tbh,6
thats,14
elitist,1
edumacated,1
tesla,1
randomly,1
somthing,1
apathy,1
wonder,1
doing,1
cultural,2
squishyüíó,13
goodüíú,13
remnant,1
saucy,5
epic,7
uplifted,2
wprse,1
sticky,7
murder,1
80,3
essentially,3
consequence,1
selfloathing,1
sparks,1
huge,8
beefy,2
physical,11
relaxedsafeshielded,1
thread,3
upvoting,1
caught,2
oppression,1
sentiment,1
comf,1
vibe,1
ph,1
boob,1
satisfaction,2
tough,3
stump,2
bamboozle,9
g8,1
gay,7
whether,3
edgy,2
autistic,2
week,3
hungriness,1
overload,3
transparent,1
ir8,1
acknowledge,5
spunking,1
arrogant,1
fucking,4
party,1
benevolent,1
s,19
metallica,2
fineeee,1
finny,1
fiiiinnnnnnnnne,1
european,1
fuel,2
memories,1
rvaporwave,1
flaw,1
modern,2
misrepresent,2
realllllluhllllife,1
despite,6
gimmicky,1
madonna,1
snubbed,2
proper,2
lively,3
immensely,8
loss,6
timba,1
fundamentally,2
rip,1
spicy,4
queen,1
cocaine,1
soon,2
enjoy,4
congrats,5
eeek,1
setting,1
irie,1
yall,1
highly,3
us,2
concert,1
animals,1
accompany,1
wayyyy,2
cinematic,2
serj,1
dependent,2
100x,8
traditional,2
runofthemill,1
unenthusiastic,2
retroactive,1
sicktired,1
props,1
madden,1
hell,4
lemmy,1
creative,5
nowadays,5
properly,3
musical,1
thoughtless,1
insincere,3
anachronistic,1
phonedin,1
listen,4
allow,1
game,5
threefeet,1
bb,1
jazz,1
gritty,3
hats,1
badd,2
grows,1
7,1
velvet,1
comment,2
ride,1
outlandish,1
creepily,1
tricked,4
sketch,2
carefree,1
indie,1
literally,13
tightness,5
shuts,1
cnn,1
conviction,2
technically,2
garret,1
loyalty,1
meditative,1
intend,1
immune,3
confortable,4
relatively,9
against,5
japanese,2
american,4
discriminate,4
unnecessary,8
artficial,1
missile,1
purposeful,1
blitz,1
laugh,1
jurassic,1
vibrant,2
literary,1
superhuman,1
sum,1
passing,1
uninspired,3
badass,7
youtube,2
meeting,1
abstract,1
although,9
indebted,3
solitary,1
fraudulent,1
pranked,1
depress,6
theirs,2
men,3
undressed,1
authorial,1
technology,1
cobble,1
model,1
efficient,2
empire,1
moderate,2
daytoday,1
suck,8
write,2
hottotrot,1
consider,2
outdated,4
government,2
psychologically,1
cancer,1
noew,1
hard,21
tender,1
odds,1
answer,2
snowden,1
30,3
sesame,1
polished,2
q,1
overpower,2
spectacular,1
2500,1
unplayable,1
underappreciated,2
ceh,1
gooooood,2
harsh,3
om,1
cartoonish,1
view,1
nihilistic,2
mexicans,1
ask,5
legally,1
fremdsch√§men,1
fastpaced,1
fuckin,5
compsci,1
google,6
increasingly,3
functionally,1
engage,4
eventually,6
taht,1
disgustingly,1
stone,1
flow,1
its,18
sudden,1
position,1
looking,1
mathematically,1
student,1
sooo,10
restrain,1
phenomenal,3
math,1
springer,1
derogatory,1
incompetent,9
peter,1
sign,2
puzzle,1
co,1
dubious,1
history,1
overcomplicated,1
push,6
praise,1
quote,1
instantly,4
demean,3
interest,1
effective,1
peruse,1
potentially,1
circular,1
resonates,1
aweinspired,1
flashback,1
sensible,1
algorithmic,1
corner,5
redeem,2
goodstimulated,1
regard,3
future,1
difference,1
unsatisfactory,1
discouragingly,1
trivially,1
magical,10
betyer,1
philosophical,1
underserved,1
intuitive,3
mersenne,1
artificial,5
capture,2
jk,1
deeper,1
publicly,1
insinuates,1
c,1
pander,1
hideous,2
embolden,3
wrongly,2
everybody,3
company,1
ad,1
western,1
likely,1
hes,1
skilled,3
pink,1
mid,1
camera,1
place,2
trumps,1
pretentious,2
frame,1
dreamlike,1
luckily,2
seem,7
cut,7
invoked,1
spoilt,2
underground,1
knowledgeable,4
affected,4
unnatural,10
innit,1
melty,1
imbalanced,1
nicer,11
reddit,8
overexpose,1
‚ù§Ô∏è,4
retro,1
üòå,1
eerie,2
post,5
black,1
joyous,2
cohesive,1
nope,1
lovely,3
symmetrical,1
multiple,2
snarky,2
üòÇ,2
unfit,3
crammed,1
larry,1
amazingly,5
instagram,1
artistically,1
racist,6
overcast,1
iconic,1
creeped,6
6080,1
pick,1
redundant,5
confidently,1
demotivated,8
vba,1
proudof,1
intellij,1
due,3
competitive,1
brain,8
cod,2
job,1
poeple,1
woefully,1
underprepared,1
require,1
inn,1
focus,1
exists,3
hyped,2
supporteduplifted,1
everytime,4
whimsical,2
encroach,1
reluctant,4
dilute,1
intimate,3
desire,8
toooo,2
passion,4
notify,1
persisly,1
late,4
challenged,5
proactive,1
critically,1
segment,1
learn,1
rarely,1
extravagant,2
bootstrap,1
crappy,25
betrer,1
inexperienced,1
order,1
udacity,1
fcc,1
demoralize,2
untouched,2
interview,1
unintuitive,4
discouragedfrustrated,1
logical,3
ignore,17
choose,2
overconfident,1
mix,1
java,1
unmotivated,12
ofas,1
üí¶üí¶üí¶,1
whore,1
build,1
dominate,2
khan,1
development,1
fresher,2
decently,1
html,1
shallow,3
mainly,7
elite,1
classes,1
impossibly,1
rusty,1
live,2
udemy,1
hopelesly,1
resent,1
confidant,1
proficient,1
tangible,5
stuff,9
reinvogarated,1
constrain,2
congratulation,1
ancient,13
webdev,1
web,1
program,2
event,2
stagnant,4
mathy,1
liek,2
becomes,3
insert,2
ambitious,3
daunt,3
lik,1
exercise,2
dishearten,2
owe,1
vet,1
swift,1
considerably,2
getting,1
noob,1
stagnate,1
scammy,2
clunkier,1
attac,1
motivates,1
cya,1
starve,3
replaceable,1
regularly,3
generally,11
broke,2
ambivalent,3
atleast,1
massive,4
pokemon,1
wood,3
sarcastic,1
probably,11
mk8,1
downright,9
arbitrary,4
simpler,1
trashy,2
remember,4
endless,3
large,5
nail,2
exploitative,2
unimportant,6
strike,2
contraction,2
fairweather,1
1000x,3
slowpoke,1
contrive,4
end,1
reminds,1
defenestrate,1
tho,9
goodyou,1
nintendo,6
fantastical,1
üò™,1
feta,2
silent,1
mobile,1
thoroughly,1
politics,1
versus,2
lingers,1
ogre,1
rt,1
creepier,1
alongside,1
frustration,4
anchorman,1
pup,1
adult,2
x100,1
enthral,1
speak,2
wellspaced,1
underrated,1
youcapture,1
gon,3
hastily,1
shoehorned,1
mediocre,4
ratatouille,1
heck,1
3d,3
teen,3
dreamy,1
cushy,1
allll,1
existential,3
glum,1
ninjago,1
admiration,3
j,1
deserves,2
original,2
cohen,1
christian,1
heavily,5
campy,3
soulcrushing,2
transform,1
tdkr,1
irritable,3
le,2
twilight,1
wtf,1
regardless,4
jake,1
sympathetic,10
kung,2
sequence,1
jumbled,1
superhero,1
preadult,1
gain,1
sadistic,1
mend,1
tearin,1
shoehorn,1
baitandswitched,1
fellow,1
gypped,1
spook,4
sit,2
you‚Ä¶,1
girlish,1
achy,2
til,1
secondrate,1
raritydaww,2
b33,1
profoundly,2
karma,1
snacky,1
4,2
unrightfully,1
flutterwhoa,1
excuse,1
twidaw,1
pinkie,2
gamut,1
twismug,1
horn,1
unaccepted,1
screwloose,1
equestria,1
youbro,1
outdone,3
punch,1
cadance,1
drop,2
macintears,1
powerfulin,1
raritywhy,1
lauren,2
dare,3
furthermore,1
link,1
thrust,1
censor,1
brony,1
eh,3
admittedly,1
scootaloo,1
beating,2
derpy,1
guiltily,1
calmly,1
disillusion,2
defames,1
alicorn,1
derpypout,1
nooo,1
overcome,1
helplessly,1
happyluna,1
absolute,4
suffer,2
misery,2
humid,1
major,2
bright,1
otherwordly,1
movies,1
current,1
anime,2
monogatari,1
adaptation,2
overbear,2
rejoice,1
gintama,1
japan,1
finish,3
ensue,1
hype,1
dodgy,1
uneven,1
bonus,1
pace,1
film,1
araragi,1
experienced,1
haikyuu,1
territory,1
stardust,1
12,1
completly,3
mob,2
irritated,6
kamisama,1
underwelmed,1
drama,1
ot,1
home,6
mocking,1
ii,1
hentai,2
incorrect,2
mushishi,1
trivialize,1
realllly,1
greatful,2
unreasonably,3
monumental,2
z,1
smh,1
incite,2
yuck,1
hostile,3
worthy,18
mega,3
kaede,1
bunny,1
outofcharacter,1
wack,1
flesh,2
formulaic,1
shigeo,1
kaguya,1
thin,2
distract,2
tall,3
pps1,1
kidding,1
creatively,1
outcast,2
acceptedjustified,1
effect,2
iconichype,1
teenage,1
shoulda,1
bloody,3
rejuvenate,3
next,6
minus,1
mexican,1
keanu,1
likey,1
anytime,1
unless,5
dennis,2
incofmrotbalr,1
alllright,1
applaud,1
understandably,1
overly,11
entitlted,1
relative,2
tie,2
miss,4
majestic,1
luckier,2
happens,2
stick,3
panic,2
ronaldo,1
fool,3
enjoyment,5
belongs,1
sapient,1
knowledge,1
witness,1
ripple,1
speed,2
coach,1
schadenfreude,1
soccer,1
dishonor,2
reserve,1
football,1
field,1
feelings,1
tougher,1
progressive,2
tiny,1
thise,1
crop,1
underneath,1
unattractive,2
quigly,1
youüò≠,1
infuriate,1
gooood,1
classy,3
meüòè,1
ta,1
dissapointing,1
test,4
duty,1
tease,1
disorient,1
festive,2
ur,4
tit,1
ethically,2
üò≤üò≤üò≤üòçüòç,1
erect,1
üòä,2
ghost,1
11000,1
likethis,1
arousal,1
squirt,1
goood,4
leftout,1
pubes,1
sensational,1
heroic,7
sorrier,2
awkwardly,1
greece,1
reinforce,1
dutch,1
misguide,1
anguish,2
incomfortable,2
jedi,1
4th,2
europe,1
integration,1
prideful,3
maybot,1
disorganise,1
57,1
poland,1
flights,1
crow,1
surround,1
occupy,3
haunt,5
prefer,1
top,1
yuckie,1
closeness,1
ourselves,2
basically,9
twitchy,1
kindof,1
disgenious,1
nasty,4
wrongish,1
germany,1
28c,1
unpleasand,1
remarkably,2
disenfranchise,3
law,1
cosy,1
america,1
dissolve,1
holy,2
rcyberpunk,1
innovative,1
spanish,1
bitterness,1
thatbritain,1
bros,1
romanian,1
personaly,2
clever,3
longevity,1
strength,1
revolutionary,1
corporatey,1
mundane,1
jobs,1
nor,2
lack,5
matte,1
integrate,1
slick,1
shortsighted,1
wasteful,2
primitive,1
uncomfortablethere,1
preference,1
courageous,1
consumer,1
lurch,1
phone,5
uneasysick,1
clutter,1
smoother,5
cheaped,1
sour,3
antiquate,2
android,3
entitled,1
ios,2
keyboard,1
valiant,1
provide,1
individual,1
cheapen,2
nickel,2
loose,4
design,1
system,1
skeezy,1
portrait,1
substantial,2
futuristic,2
optimize,1
material,1
cuz,2
negligible,1
incomprehensibly,1
bare,1
jony,1
immature,1
overprice,1
touchid,1
instant,1
face,2
spotify,1
continuity,1
century,2
restrictive,2
2017,1
mushy,4
thinkpads,1
barely,2
spongy,1
chunky,1
streamline,1
immediate,1
craving,2
precarious,1
special‚Ñ¢,1
extemely,1
aa,1
annyoed,2
ithave,1
device,1
unaccomplished,2
interior,1
lacklustre,1
bolt,1
lawsuit,2
bogged,3
placeholderish,1
appalled,3
snapchat,2
waaaaaay,1
tacky,2
coat,1
developer,1
native,1
promotion,1
rgb,1
lg,1
bulky,3
plasticy,1
motorola,1
thinner,1
skinnier,1
world,1
intentional,3
underutilized,2
disadvantage,2
completeness,1
ditch,1
grain,1
icon,1
naive,2
bizarre,2
russia,2
pixels,1
zuck,1
stuffed,2
assistant,1
snappy,2
greenfield,1
pixel,2
annoy,3
talentless,2
pinky,1
asmr,1
sensitive,2
fabulous,6
disease,1
permanent,2
sososo,1
mentality,1
harry,1
upstaged,1
repulse,1
itwould,1
t,1
wellmade,2
operation,1
shes,1
iffy,3
viva,1
uppity,1
gillty,1
thirty,1
fourty,1
üòò,1
mother,2
wierded,1
lumpy,1
war,1
grosser,1
haul,1
suuuper,1
lunch,1
simultaneously,3
suitable,1
clean,12
unashamed,1
antique,1
mechanic,1
coworkers,1
appeal,1
bottle,4
panicky,2
hint,1
beauty,2
2012,1
sham,5
manic,1
ignorant,2
brilliant,2
nothingit,1
intelligent,4
success,1
ton,5
symptom,5
excatly,2
ungreateful,1
pleased,2
deviate,1
liketo,1
bleak,2
herei,1
sometime,2
tonight,4
horrendous,1
steady,1
cuffed,1
relive,1
unappreciated,2
unwanted,14
astray,1
inferoir,1
youdeserve,1
lucid,1
cathartic,2
frighteningly,1
hahahaha,1
gaming,2
unfun,1
load,9
abnormal,3
baseline,2
currently,3
normally,3
waaaay,1
emptydisconnected,1
agitate,4
automatically,1
theyreca,1
nerve,1
dissatisfied,3
suffocate,7
youre,2
goosebump,2
hover,1
wasn,1
connection,2
obnoxious,2
dumbed,2
lazier,1
congest,2
sadangry,1
youi,6
heaviness,1
eerily,2
lke,2
guiltyguilt,1
okish,1
selfvalidation,1
happygood,1
someway,1
üòì,1
nah,1
unstoppable,3
express,1
gets,1
morehomey,1
spectacularly,1
terrifying,1
cuddle,1
fantasy,1
surprisingly,3
wishing,1
uncanny,1
disable,1
inappropriate,3
badblame,1
safety,1
head,1
outcasted,4
unappreciative,1
blog,1
ing,1
pass,4
doubtful,3
worse,5
dont,1
willing,1
betrayal,1
hold,7
mo,1
worseim,1
being,4
magnifies,1
repulsive,1
reliefing,1
uninteresting,2
dream,1
withdrawn,1
exorbitant,1
month,2
embrace,2
blissful,2
learning,1
momentary,1
managable,1
intil,1
antidepressants,1
envious,5
sane,4
bc,3
alonesending,1
improve,3
rank,1
prior,2
emotionless,2
y,3
destructive,1
vanish,1
scorn,1
sever,1
bipolar,4
easier,1
3x,1
closest,1
doom,1
casual,2
99,1
goodbetter,1
turns,1
bit,2
anythingtbh,1
nothingness,1
identifying,1
honesty,1
near,4
food,1
leak,1
daily,4
bru,1
progressively,2
apart,6
dysphoric,1
longing,1
fancypanda89,1
depersonalisation,1
goodfocus,1
relate,1
determine,4
brah,1
300,2
infinitely,6
goofy,3
delayed,2
dumberbut,1
albeit,2
outstanding,1
chipper,1
selfconcious,1
ungratefulguilty,1
btw,1
subsides,2
naturally,4
sligjtly,1
welli,1
lonley,1
overwhemling,1
outrageous,1
pinch,1
person,3
fed,1
psychadelic,1
disliked,2
busy,2
jealousy,2
explain,1
chain,1
basic,2
likenot,1
thisway,2
disabled,4
carry,1
treatment,1
inauthentic,1
consistently,4
suhomicidal,1
defective,2
compound,1
deplete,3
bucket,1
phony,1
valid,1
pleasureenjoyment,1
thinking,1
belong,1
oversaturated,1
decent,5
state,1
wherever,1
earlier,1
miniscule,1
inescapable,1
claw,1
inordinately,1
sensitivity,1
seems,1
invigorate,2
emotions,1
lovedneeded,1
bereft,2
helpful,2
magically,1
asif,1
disjointedguilty,1
painfully,5
likemyself,1
numbtingly,1
imprison,1
monumentally,1
somedays,1
numbers,1
apparently,2
happening,1
unpopular,1
100000x,1
enormously,1
al,1
interminably,1
painful,5
block,1
plain,1
unfiltered,1
happyexcitedwhatever,1
saddepressed,1
spent,1
emptier,2
acute,1
goodhappier,1
initially,2
dwell,1
blazing,1
somewhere,1
hardly,2
okayhappyconfidentcarefree,1
passionately,2
greedy,3
grim,1
somepeople,1
welldisposed,1
horriblehating,1
inherently,2
motivation,1
ugghh,1
weakhelpless,1
whilst,2
depressionanxiety,1
debilitate,1
depressedanxious,1
shouldnt,1
achievement,1
semi,1
unfinished,4
disappointment,2
backyou,1
hoppless,1
bud,2
divorce,1
act,2
therapeutic,2
greif,1
‚òπÔ∏è,1
human‚Äîthat,1
unnnatural,1
queezy,1
accessible,1
find,2
guiltiest,1
boi,1
destroyed,2
uh,1
virtuous,2
worthlessunloved,1
hahaha,2
scale,1
10x,8
jealousbitter,1
thisweak,1
disinterested,1
terrify,4
distance,2
tention,1
apprehensive,2
recover,3
shortchanged,2
cleanse,2
lousy,4
enormous,1
happiest,1
unconnected,1
excactly,1
sorta,4
neighbors,1
dislocate,1
joking,1
had,3
impaired,2
outgo,1
bettermore,1
overwheliming,1
magnify,1
ashemed,1
hey,1
abso,1
fone,1
9,2
granted,1
traumatic,1
goooood,2
dumblike,1
college,1
despondent,2
drowzy,1
realize,1
sufficient,1
hung,1
wish,2
prevents,2
imperative,1
compatible,1
sadly,3
undeserved,1
arises,1
purpose,1
exhausted,1
trust,2
humanity,1
facing,1
mere,1
medicate,1
guiltshamesadness,1
cared,1
downdoubt,1
devoid,1
immobile,2
rainy,1
unappealing,1
extrememly,1
uninterested,1
thoughtful,1
things,5
sigh,1
underserving,2
grey,1
persists,1
spacey,2
butthere,1
catatonic,2
adds,1
verbally,1
handicapped,1
lingering,1
vast,2
repulsively,1
tomorrow,2
fkn,1
sonder,2
wind,4
journaling,1
unbeatable,2
remembering,1
paralized,1
numbness,3
ontop,1
itjust,1
unlikable,1
jade,3
freer,2
exist,1
listless,1
undoable,1
don,3
gratitude,2
occurs,1
cozier,2
amplify,1
coz,1
futile,2
awkard,1
sappy,2
tenfold,1
maintaining,1
renew,1
anonymous,2
obsessive,1
te,1
loserish,1
chronic,1
lifeless,3
scary,6
iike,1
overburden,1
running,1
nourish,1
feelsbadman,1
wanting,1
moment,3
excessively,1
objectively,2
crap,3
flippant,1
undesirable,2
utilized,1
release,1
spurt,1
dumbmemory,1
pretend,1
crazier,1
deflate,3
theee,1
root,1
obliged,1
goodman,2
forget,1
woozy,2
cripplingly,1
drug,4
fam,1
disallowed,1
crappier,2
visible,1
morose,2
rightly,1
fluster,1
toowhen,1
believe,3
someday,2
conspire,1
subhuman,1
tirreble,1
predestine,1
exceptionally,2
weirdi,1
depresseddownsuicidal,1
irrationally,1
pc,1
worsewish,1
afterward,1
instinctually,2
tpday,1
thankful,2
grayed,1
freeto,1
dissociate,1
halfway,1
disastrously,1
amost,1
boredness,1
petrify,1
confessionally,1
rightbetter,1
aimless,1
may,4
ten,3
db,1
imaginable,1
contempt,1
gray,1
fulfilment,1
sogood,1
thus,2
christmas,1
mentallyemotionally,1
legitimate,2
luck,1
eager,1
inconvenienced,3
hug,1
failure,1
privledged,1
mindfulness,1
youbest,1
buyer,2
insufficient,1
happineaa,1
diffetently,1
noone,1
independent,5
pleasurable,2
midget,1
goodfeel,3
fin,1
stephen,1
bully,4
irate,1
deliberate,1
david,3
offended,1
unusually,1
breast,1
yer,1
wear,3
upvoted,1
toppy,1
complicit,1
racially,1
politically,1
schmooze,1
genuily,1
g,2
realworld,1
angst,2
yahh,1
wikihow,1
offendok,1
tangy,1
viciously,1
cat,1
australia,2
snug,1
chestwrenching,1
slimy,4
colder,5
appreciative,2
reeaaaaaallll,1
prioritize,1
terror,1
polite,1
da,5
kinship,2
acceptable,1
artsy,1
paisley,1
owner,1
brigade,1
unsatisfying,3
spooky,1
freaky,1
streetlights,2
stretch,5
lilliputian,1
seasick,1
apocalyptic,2
dirt,1
unclean,4
melancholic,1
tax,1
crack,3
gem,1
visceral,2
unsteady,1
weigh,2
leg,4
pleasantly,1
guiltier,1
heal,2
homey,1
swole,1
dominant,3
facetious,2
offensive,2
electrical,1
reallll,1
underdeveloped,1
sister,1
deceive,4
exausted,1
talent,1
checked,1
subtly,1
¬´,1
stimulation,1
holier,1
unrealistic,1
üé§,1
gratify,1
famous,4
bust,1
motion,2
alpha,1
warrant,2
clmfortable,1
softer,2
scratchy,1
scummy,3
pumped,3
circlejerky,1
compact,1
positively,3
titillate,1
colderhotter,1
lul,1
akward,2
humiliate,4
damp,1
silky,1
baby,1
goodlooking,1
ü§î,1
clearance,1
flashy,1
unpleasant,4
buttony,1
exploit,2
grimy,2
repeat,1
inadequately,2
voluntold,1
undemocratic,1
üôÇ,1
grump,1
libertarians,1
victorious,2
saudi,1
favorable,1
unperturbed,1
miraculous,1
cheesy,2
sober,11
theyre,1
eliminate,2
animal,1
hence,1
kratom,1
thc,1
disorientate,7
knackered,2
adrift,1
torture,3
dystopian,1
worthlessthe,1
unheard,1
expensive,1
sleepless,1
senzawa,1
cheerful,1
questionable,1
vindictive,2
rebellious,3
sexualize,1
porn,1
powerlesshopeless,1
daddy,1
mah,1
foriegn,1
empathize,1
knotty,1
imperfect,1
given,1
likesituation,1
cutepretty,1
alcohol,1
populate,1
bad‚Ä¶,1
depresed,1
murderous,1
akin,1
taint,1
outclass,1
dehydrate,3
speshul,1
slowly,1
unwelcomed,5
cute,2
trolly,1
twords,1
naughty,3
horrify,1
needles,1
therapists,1
anal,2
sinful,1
outofplace,2
reaaallly,1
attaboy,1
goddammit,1
sniff,1
damnit,2
wipe,1
bot,1
hr,1
humble,1
ms,2
age,1
pitty,1
sub,1
hectic,1
coalesce,1
die,1
badfor,2
relationship,1
noscript,1
fervid,1
gift,1
wiggly,1
clearheaded,2
occasionally,2
city,1
dell,1
certian,1
luxurious,2
assume,1
problem,1
cs,1
lyrical,1
rain,1
l,2
kept,2
mac,2
generator,1
nutsack,1
topic,1
passive,1
empathic,1
suitably,1
awestruck,1
guiltyanxious,2
withdrawal,4
cv,1
yellow,1
implode,1
fre,1
unconfortable,3
abandoneds,1
click,1
osiris,1
frakking,1
deal,2
response,1
serve,1
miffed,1
‚Ä¢‚Ä¢,1
linux,1
enrage,1
warn,3
wrath,1
likejust,1
blend,1
fly,1
winnerish,1
misplacedpoliteness,1
misc,1
badupsetguiltymistreatedwhatever,1
reproducibility,1
isnt,1
word,1
wretched,1
gassy,2
concern,3
downvotes,1
wi,1
itshould,1
aswell,1
16lbs,1
vintage,1
insulted,1
similarity,1
roald,1
weren,1
produce,1
unease,1
lr,1
pinprick,1
closure,1
alice,3
tackedon,1
itbut,1
supernaturalconstantinehell,1
discovery,1
lovecraftian,1
bluejaydenise,1
unsettled,2
ashamedconfused,1
provoke,1
veeery,1
painting,1
detrimental,1
lift,1
bluejay,1
ace,1
freeze,1
paulides,1
derive,1
invite,2
fishy,1
lily,1
kinder,1
transport,1
nuture,1
ketamine,1
subconscious,1
sobbing,1
oldthat,1
gd,1
empathetic,1
perturbed,1
professional,1
headache,2
üò≤üò≤,1
shunned,1
revitalise,1
chill,2
onion,1
legit,3
tried,1
notice,1
riley,1
stranger,1
paschar,1
nosleep,2
disturbed,2
sergei,1
theatened,1
shiver,1
üíó,1
children,1
spammed,1
amusement,1
electricity,1
convincingly,1
mitchell,1
üò≠üò≠üò≠üò≠,1
felix,1
undepressed,1
richard,1
thislast,1
betteryes,1
realism,10
loosely,1
holyshit,1
motherlyin,1
appulsed,1
unexplainably,1
heavenly,2
spidey,1
carrie,1
update,1
d√©j√†,1
inferioretc,1
youman,1
brail,1
forbidden,1
photoshopped,1
exempt,1
coming,1
salad,1
obsidian,1
badselfconscious,1
bastardize,1
profile,3
corporate,1
shut,1
underrepresented,1
samey,1
likeanyone,1
modded,1
aside,1
paul,2
reposting,1
data,1
mgmt,1
reference,1
associate,3
frantic,1
rustic,1
painits,1
threat,1
wise,2
barren,1
officially,1
direct,1
irresponsible,2
coating,1
breakable,1
scammed,3
sync,1
thwart,1
character,2
likeboth,1
banjo,1
unlikely,2
botw,2
growth,1
ambient,1
skyrim,1
pubg,1
narratively,1
zelda,1
looks,3
grippier,2
reggie,1
convince,1
trash,1
xx,1
oversimplify,1
organic,1
prime,1
unkillable,1
immensenly,1
goodery,1
suboptimal,1
inc,1
ah,1
additionally,1
revulsion,1
smo,1
matter,1
dissapointed,2
forces,1
immersive,1
bustling,1
scrappy,1
shop,1
unbearably,1
flimsy,1
previous,1
car,1
achieve,1
splatoon,1
8x,1
impulsive,1
steep,1
shat,1
werid,1
ecstatic,1
fall,1
certainly,1
overworld,1
imminent,1
adventure,1
weighty,1
stupidly,2
sora,1
notoriously,1
soa,2
cu,1
funky,3
paint,1
choreographed,1
accidental,1
right‚Ä¶,1
slicker,1
oilydirty,1
awfulgross,1
stun,1
mario,1
unlock,1
follow,2
wholly,1
saintlike,1
baiting,1
drag,1
moreso,1
likesometimes,1
picky,1
authentic,1
revigorated,1
community,2
ko,1
majora,1
sincere,1
doug,1
charizard,1
frivolous,1
announce,1
league,2
forthe,1
fragile,2
threathen,1
fusion,2
salty,1
theire,1
terriblewhenever,1
et,1
insecuretilted,1
halfbaked,1
smash,1
pikachu,1
representation,1
testing,1
anticlimaxed,1
issac,1
robin,1
sakurai,1
pok√©mon,1
siege,1
embarrassedashamed,1
lead,1
boozy,1
tailor,1
ugumdropgoober,1
reaaaaally,1
grippy,1
harased,1
firm,1
private,1
wheelhouse,1
ie,1
final,1
cruel,2
nost,1
treehouse,1
towny,1
theyd,1
31,1
unforgettable,1
pizza,1
lifetime,1
os,1
cheaper,1
nausea,5
grabbing,1
shameless,1
weightless,4
has,1
oldwhen,1
lovits,1
seaworthy,1
aweful,2
mortify,1
rattlin,1
funnier,2
alter,2
sentimental,1
hopefully,1
body,1
acid,1
bias,2
elementary,1
goodshould,1
happyish,1
excruciate,2
wisdom,2
daft,1
wayyy,1
delighted,1
garbage,1
correctly,1
existence,1
unmanageable,1
hyper,2
elegant,1
prettier,1
reform,1
ket,1
lsd,1
describes,1
soul,2
subtle,1
pair,1
equivalent,1
universal,1
bar,1
wd,1
numbed,1
extreamely,1
sharper,3
freed,1
antiaddictive,1
wrongunfairunearned,1
def,1
jheeze,1
malnourish,1
18,1
access,1
vaccine,1
dense,1
euphoria,2
250500,1
highdrunkstoned,1
24,1
aloof,2
spark,1
aboutit,1
anecdotally,1
pseudosynesthesia,1
rattle,1
relativly,1
varies,1
uplift,1
dissipates,1
disciminated,1
reasonably,1
opioids,1
adderall,1
em,1
primal,4
overstimulated,1
watermelon,1
temptation,1
sedation,1
justt,1
lastly,1
pts,1
000000276,1
23,1
pose,1
lazytired,1
crystal,1
sicker,1
drugs,1
dependant,1
suuuuuper,1
edible,1
analytical,1
powder,1
welp,1
substance,1
wavy,2
extraaaaa,1
doctrine,1
gone,1
share,1
egodeath,1
psychotic,1
cringey,3
define,1
interaction,1
lee,1
male,1
merry,1
carpal,1
depending,1
vaping,1
yep,1
frequently,1
impenetrable,1
nastytangled,1
construct,1
unfriendly,1
socialize,1
marginal,1
depersonalize,1
overtakes,1
intoxicate,1
heatlhy,1
theodore,1
roast,1
thicker,1
suboxone,1
ime,1
‚Ä¶,1
anythind,1
superweird,1
tends,1
mint,1
sheepish,1
whittle,1
beckon,1
bigoted,1
wild,1
rejection,4
ebb,1
caffeine,1
satan,1
whenalso,1
primarily,1
üòÅ,1
truthfully,1
heaven,2
sickly,2
gods,1
usedabused,2
stem,3
goodthat,1
likebut,1
prosecute,1
scaredanxious,1
assent,1
duped,1
making,1
doggos,1
diggin,1
üòÇüôè,1
stilted,1
uninformed,1
pious,1
smoking,1
catholicism,1
discharge,1
blasphemous,1
nonexistence,1
000001,1
likegod,1
convict,1
overrun,1
pupared,1
felt,2
hooman,1
step,2
lovecompanionship,1
inhibit,1
masterful,1
keenly,1
bed,2
stack,1
gracious,1
happysadetc,1
‚ù§Ô∏è‚ù§Ô∏è‚ù§Ô∏è‚ù§Ô∏è‚ù§Ô∏è,1
constrict,1
feisty,1
relly,1
loke,1
mod,1
orgasmic,1
thuper,1
happysad,1
theincreasing,1
disproportionately,1
madrid,1
poll,1
unclever,1
reichtangle,1
ultra,2
massively,2
exotic,1
nicely,1
complex,1
pr,1
austriahungary,1
marijuana,2
send,1
fifa,1
iit,1
prettyoh,1
p«ùpu«ù…ü…üo,1
pineapple,2
aaahh,1
imature,1
danish,2
56,1
culture,1
fahrenheit,1
youjapan,1
impose,1
onesided,1
thomas,1
irrelevant,1
rigid,1
shamefully,1
ours,1
demoralisedmake,1
disorder,1
china,1
mummies,1
mummify,1
grind,1
tug,1
pathos,1
unequivocally,1
st,1
entertain,1
plenty,2
henpecked,1
uglier,1
moot,1
cheated,1
scarier,1
mrbeast,1
smoggy,1
uncomfortablecreeped,1
leathery,1
aww,1
reliant,1
adrenaline,1
subpar,1
attempt,1
runexpected,1
üòÇüòÇ,1
15x,1
revenge,1
chiller,1
fortnite,1
nauuuughtyy,1
narcissistic,1
continue,2
thanosy,1
menace,1
adapt,1
coolfunnywhatever,1
happend,1
ninja,1
feasible,1
üòéüòéüòé,1
shotgun,1
upward,1
goodmotivatedfill,1
pricy,1
worry,2
accusatory,1
lifting,1
driven,2
disgustedterrible,1
devalue,1
grumpy,2
unsolicited,1
seasons,1
identically,1
goddamn,1
lightly,1
nog,1
cost,1
recognition,1
internally,1
directionless,2
ab,3
regular,1
thieve,1
calling,1
lecter,1
posttheft,1
wildly,1
unsuccessful,1
ollllld,1
inkredible,1
ahead,2
graduated,1
hugely,1
lake,1
treat,1
motivated,2
kids,1
suppress,1
bubble,1
guilted,1
mucus,1
puffy,1
smiley,1
fierce,1
likewhat,1
figuratively,1
unproductive,1
overwork,2
blindly,1
importantworth,1
happy‚Üí,1
displace,1
fee,1
recovering,1
built,1
bob,1
silence,1
itnow,1
contentment,1
user,1
volunteer,1
branson,1
team,2
dandy,1
myfitnesspal,1
huh,3
telling,1
activity,1
aesthetically,1
oneself,1
doms,1
pro,1
soreness,2
gutsy,1
okayish,1
lat,1
reeeeeally,1
arm,1
ravenous,1
knowledgable,1
clueless,1
betteretc,1
slouch,1
hip,1
optimal,1
keto,1
sate,2
metallic,2
disempowered,1
offer,1
bubblicious,1
beneficial,1
ha,1
packed,1
solidly,1
300mg,1
oxygenstarved,1
alternatives,1
manlier,1
scrawny,3
hydrate,1
tuesday,1
freakishly,1
agile,1
starchy,1
overfull,1
lesshungry,1
dicey,1
ravenously,1
privately,1
overweight,1
bloatedcrappy,1
crazynauseous,1
fkin,1
slothful,1
succumb,1
uglyier,1
sway,1
floaty,1
reeeeally,1
grotesque,1
nicegoes,1
maternally,1
external,1
catch,1
pas,1
ashamedbad,1
energyzapped,1
dissy,1
strap,2
homely,1
brokis,1
fullfat,1
peckish,1
energywise,1
greathappysatisfied,1
20yrs,1
fitter,1
barbell,1
conducive,1
mom,1
joint,1
tighter,1
fidgety,1
diet,1
cooped,1
fatter,1
bettermake,1
c4,1
satiation,1
gently,1
teh,1
skinny,1
beteter,1
cruddier,1
unrelieved,1
120,1
sadlonely,1
challenge,1
female,1
beginner,1
ppl,1
morbidly,1
achey,1
soooooo,1
fearless,1
frumpy,1
flexible,1
whatsoever,1
drive,1
year,1
overslept,1
competition,1
yates,1
sprain,1
chin,1
intangible,1
sincerely,1
exhilarate,1
squat,1
uncomfort,1
adequately,1
aka,1
concur,1
78,1
specual,1
decidedly,1
cooked,1
beastly,1
subversive,1
adolf,1
pedantic,1
fineeeee,1
spiritually,1
woke,1
ben,1
shun,1
appropriately,1
2019,1
cyclical,1
ruined,1
simply,1
sodomite,1
insecurity,1
dog,1
several,1
repercussion,2
badguilty,1
peachy,1
responsbiel,1
degeneracy,1
overmatched,1
animosity,1
vvvv,1
richüíó,1
yuuuugeüíú,1
buttmadd,1
buttmad,1
modding,1
depends,1
interact,1
cheesybread,1
üòé,1
mesmerize,1
orphan,1
indifferently,1
streamablecommtneo,1
adfree,1
commercial,1
netflix,1
netflixx,1
contribute,1
opt,2
ssupremecourtbuilding,1
obstinate,1
stereduencyclopediacontentaspx,1
sbxcopy,1
irregardless,1
immoral,1
bug,1
s8f7g3u2meirl4meirldy1x908,1
splatoonnintendocomassetsimghomesplatoononepng,1
s8koe1nwhenvideogaminggivesyoufeels,1
scomments7hyqbfwphumanslearnthateveryhumanhasasuperpower,1
anyhow,1
halfasleep,1
born,1
brewing,1
engine,1
scpwikinetscp2521,1
s63e5z3promseasondftj9lo,1
raspy,1
joe,1
nick,2
sdadadeafartdeviapostersresistance,1
unnerved,1
vividly,1
stagramcompbr635bn1hu,1
gamepads,1
visually,1
socioeconomic,1
consisitues,1
st3822841kanyewest2015time100,1
sterpediaimagesbb8okaymemejpg,1
german,1
superdrugcomsuperdrugsuperdrugrehydrationsachets5gx6p136980,1
yum,1
ted,1
handicap,2
validationadmiration,1
cyberpunk,1
excruciatingly,2
s7z2o57hailhydra,1
graphically,1
toy,1
cormen,1
compitent,1
cli,1
employer,1
vanilla,1
underwritten,1
smaller,1
sjpg,1
action,1
pinkasad,1
ssrc133634851772jpg,1
ritual,1
fortunately,1
transfer,1
resolve,1
sernodeimg500121000222414fullthatfeelbromemeallpeoplephotou9jpg,1
advneturous,1
applejack,1
stcoanime20791fatestaynightheavensfeelipresageflower,1
nicoheart,1
junky,1
source,1
snetworkcomnews201703251stfatestaynightheavenfeelfilmrevealsfulltitleoctober14premiere113952,1
category,1
early,1
3¬∞,1
practically,1
unwarranted,1
seemingly,1
uncannily,1
smartphones,1
picture,1
crushingly,1
13,1
video,1
embarrassedawkward,1
information,2
australians,1
truer,1
clothing,1
disgrace,1
suspect,1
sthlz0kby,1
aliiiiiiiiiiiiiive‚Ä¶,1
reminded,1
anxiousstupid,1
cognitively,1
moral,1
religious,1
sksciencecomments98vg89humansareknowntohelpoutananimalifits,2
s3qylb8rugbyfinalssession,1
mild,2
externally,1
scomwpcontentuploads201304wtfgif,1
icf,1
betterstronger,1
output,1
siol1969sp008874epdf,1
sciatic,1
femininely,1
cheapens,1
quot,1
reeeaal,1
humiliated,1
dysphoria,2
viewer,1
soapboxy,1
abt,1
hulu,1
shady,1
intrigue,1
building,1
sedkomododragon,1
safest,1
anon,1
sic,1
compassionate,1
aggressively,1
discuss,1
secretly,1
musk,2
spacex,3
monotonous,1
forth,1
investor,1
boredwants,1
aggravate,1
method,1
unquestionably,1
held,1
lots,1
bfs,2
gave,1
nasa,1
1g,1
vibrationsshaking,1
opposite,1
4400,1
mission,1
ifwhen,1
tile,1
counterintuitive,1
bfr,1
bezos,1
three,1
enthusiasm,1
overshadow,1
rightous,1
dicked,1
masochistic,1
plausible,1
enter,1
postupdate,1
offal,1
cheaty,1
progression,1
reckless,2
disarm,1
gradually,1
market,1
hungoverlazy,1
alt,1
quick,1
buoyant,1
going,1
unbiased,1
betta,1
insevire,1
ufairlaytip,1
oooh,1
isolation,1
themself,1
hole,1
unbareable,1
bamboozeld,1
ltc,1
l33t,1
currency,1
