"Words","Usage"
"like",659720
"get",649530
"one",446929
"would",446783
"make",429969
"people",425426
"go",421552
"say",347126
"time",335160
"think",331919
"know",321911
"well",304811
"see",276077
"use",273407
"thing",267990
"really",252906
"even",250664
"good",247290
"work",243851
"want",238320
"look",227586
"take",226398
"could",221105
"way",206354
"year",204175
"much",203144
"also",198661
"still",193258
"need",190922
"try",172911
"something",171388
"day",170926
"right",168541
"come",164300
"never",158431
"feel",155965
"game",153975
"give",153839
"back",152716
"actually",143539
"love",140080
"first",139846
"bad",134983
"lot",134386
"mean",133509
"someone",132474
"though",128522
"life",125952
"sure",123001
"start",122570
"point",120063
"great",118438
"pretty",116005
"guy",115905
"ca",115618
"delete",115585
"every",114178
"post",111744
"always",111434
"yeah",109004
"new",108629
"many",106738
"thought",106286
"call",105541
"man",103191
"probably",101478
"help",98711
"u",98702
"find",98171
"around",94519
"play",93996
"old",92098
"ever",91336
"keep",91194
"show",90771
"best",90633
"put",90183
"anything",90001
"maybe",89288
"end",89222
"yes",88254
"comment",87917
"part",86608
"big",86435
"long",85155
"tell",84782
"seem",84711
"let",84288
"talk",84069
"little",83178
"two",82903
"oh",82366
"enough",82264
"friend",81930
"read",81928
"since",80180
"thanks",79578
"watch",79477
"money",78191
"high",77988
