"Words","Subreddits","Usage","Total Usage","Ratio"
"b18","mylittlepony",2680,2682,0.999
"serfurbot","furry_irl",1439,1439,1
"pixel871","furry_irl",1436,1436,1
"tordankmemes","dankmemes",1085,1086,0.999
"plup","smashbros",996,999,0.997
"cs50","learnprogramming",809,813,0.995
"applejack","mylittlepony",798,801,0.996
"<U+0001F602><U+0001F602><U+0001F602><U+0001F602><U+0001F602><U+0001F602><U+0001F602><U+0001F602><U+0001F602><U+0001F602><U+0001F602><U+0001F602><U+0001F602><U+0001F602>","gaming",657,660,0.995
"bintr","gaming",650,650,1
"hbox","smashbros",638,649,0.983
"scordgg5tfs6ga","learnprogramming",647,647,1
"bcash","Bitcoin",632,635,0.995
"sakuta","anime",614,614,1
"<U+0001F438><U+0001F438><U+0001F438><U+0001F438><U+0001F438><U+0001F438><U+0001F438><U+0001F438><U+0001F438><U+0001F438>","4chan",594,594,1
"gdax","Bitcoin",588,589,0.998
"sbstare","mylittlepony",566,566,1
"kerbin","KerbalSpaceProgram",531,546,0.973
"kaede","anime",543,543,1
"twicrazy","mylittlepony",538,538,1
"rmath","math",532,535,0.994
