"id","display_name"
"2srow","spacex"
"2smr1","KerbalSpaceProgram"
"2s3qj","Bitcoin"
"2sgp1","pcmasterrace"
"2szyo","Showerthoughts"
"2r3f3","outside"
"2zmfe","dankmemes"
"3gcwj","wholesomememes"
"3ee85","2meirl4meirl"
"2s3nb","WritingPrompts"
"2to41","tifu"
"2qh3l","news"
"2qnts","nottheonion"
"2qh4w","4chan"
"2qh1u","Music"
"2qzb6","IAmA"
"2qh0n","math"
"2r1tc","itookapicture"
"2r7yd","learnprogramming"
"2qh03","gaming"
"2qh3s","movies"
"2s8bl","mylittlepony"
"2qh22","anime"
"2qgzy","sports"
"2qq5c","gonewild"
"2qh4j","europe"
"2qh1f","apple"
"2qlqh","Android"
"3fqup","ATBGE"
"2qqqf","depression"
"3e60r","disneyvacation"
"2ti4h","mildlyinteresting"
"2qhsa","interestingasfuck"
"2ubgg","mildlyinfuriating"
"2qh13","worldnews"
"3b66u","furry_irl"
"2sfg5","talesfromtechsupport"
"2t2zt","TalesFromRetail"
"2rm4d","nosleep"
"2qq6z","hmmm"
"3h47q","NintendoSwitch"
"2qiep","smashbros"
"2qnub","nostalgia"
"2qh7l","Drugs"
"37bil","dankchristianmemes"
"2qh1o","aww"
"2sih3","polandball"
"2qh61","WTF"
"3oeyf","FortNiteBR"
"2rmfx","GetMotivated"
"2qhx4","Fitness"
"2rd2l","Drama"
"2qoxj","netflix"
"3m0tc","PewdiepieSubmissions"
"2r05i","Minecraft"
